material,scope,finished_kg,purchased_kg,scrap_kg,material_kgco2e,conversion_kwh,conversion_kgco2e,scrap_kgco2e,subtotal_kgco2e
Stainless steel,Kettle,0.186,0.206666666666646,0.020666666666646,1.239999999999876,0.186,0.0837,0.0020666666666646,1.3257666666665406
Brass,Kettle,0.02025,0.02131578947367675,0.00106578947367675,0.085263157894707,0.014175,0.00637875,0.000106578947367675,0.09174848684207468
Copper,Kettle,0.015,0.015789473684205,0.000789473684205,0.06315789473682,0.015,0.00675,7.89473684205e-05,0.0699868421052405
Polypropylene (PP),Kettle,0.35025,0.3621585,0.0119085,0.724317,0.6269475,0.282126375,0.00119085,1.007634225
Polyvinyl chloride (PVC),Kettle,0.0435,0.0457894736841945,0.0022894736841945,0.11447368421048625,0.06525,0.0293625,0.00022894736841945,0.1440651315789057
"Nylon, grade unspecified",Kettle,0.0495,0.0521052631578765,0.0026052631578765,0.2605263157893825,0.07425,0.0334125,0.00026052631578765,0.2941993421051701
Polyoxymethylene (POM),Kettle,0.00975,0.01026315789473325,0.00051315789473325,0.03592105263156638,0.014625,0.00658125,5.1315789473325e-05,0.0425536184210397
Polycarbonate (PC),Kettle,0.00675,0.00710526315789225,0.00035526315789225,0.03552631578946125,0.010125,0.00455625,3.5526315789225e-05,0.040118092105250476
Acrylonitrile-butadiene-styrene (ABS),Kettle,0.03,0.03157894736841,0.00157894736841,0.110526315789435,0.045,0.02025,0.000157894736841,0.130934210526276
Silicone,Kettle,0.012,0.012631578947364,0.000631578947364,0.075789473684184,0.018,0.0081,6.31578947364e-05,0.0839526315789204
LDPE packaging foil,Packaging,0.0063,0.0064285714285695,0.0001285714285695,0.01478571428570985,0.00378,0.001701,1.285714285695e-05,0.0164995714285668
Cardboard packaging,Packaging,0.1315,0.1341836734693475,0.0026836734693475,0.107346938775478,0.03945,0.0177525,0.00026836734693475,0.12536780612241274
